<?xml version="1.0" encoding="utf-8"?>
<?xml-stylesheet type="text/xsl" href="CDA.xsl"?>
<!--
 Title:        Continuity of Care Document (CCD)
 Filename:     PS3_CodeMED_Decoders.xml 
 Created by:   Group 2
 $LastChangedDate: 2014-11-12 23:25:09 -0500 (Wed, 12 Nov 2014) $
  
 ********************************************************
 USE CASE: An 18-year-old female patient visited a physician for consultation. 
 She complained of generalized weakness, lethargy and inability to do the routine work from the previous few months. 
 On further questioning she revealed that she was having excessive bleeding during menstruation from the previous six months. 
 She complained of breathlessness and palpitations while climbing stairs for her house. 
 She also had experienced periods of light-headedness, though not to the point of fainting. 
 Other changes she had noticed were cramping in her legs, a desire to crunch on ice, there was no history of any fear, drug intake or abdominal discomfort. 
 Her appetite had also decreased, and she was  taking meals only once a day. 
 Upon examining, her physician found that she had tachycardia, pale gums and nail beds, and her tongue was swollen. 
Given her history and the findings on her physical examination, the physician suspected that the patient was anemic and ordered a sample of her blood for examination. 
 The lab orders from EHR should be generated and added to the lab information systems worklist item.  
 The lab technician received orders from clinician and performed the test. 
 The test results should be updated in the EHR
 ********************************************************
 -->
<ClinicalDocument xmlns:xsi="http://www.w3.org/2001/XMLSchema-instance" xmlns="urn:hl7-org:v3"
  xmlns:voc="urn:hl7-org:v3/voc" xmlns:sdtc="urn:hl7-org:sdtc">
  <realmCode code="US" />
  <typeId extension="POCD_HD000040" root="2.16.840.1.113883.1.3" />
  <!-- CCD template ID-->
  <templateId root="2.16.840.1.113883.10.20.22.1.2" extension="2014-06-09" />
  <!-- Globally unique identifier for the document  -->
  <id extension="TT988" root="2.16.840.1.113883.19.5.99999.1" />
  <code code="34133-9" displayName="Summary of episode note" codeSystem="2.16.840.1.113883.6.1"
    codeSystemName="LOINC" />
  <!-- Title of this document -->
  <title>Patient Chart Summary</title>
  <effectiveTime value="201308151030-0800" />
  <confidentialityCode code="N" displayName="normal" codeSystem="2.16.840.1.113883.5.25"
    codeSystemName="Confidentiality" />
  <languageCode code="en-US" />
  <setId extension="sTT988" root="2.16.840.1.113883.19.5.99999.19" />
  <!-- Version of this document -->
  <versionNumber value="1" />
  <recordTarget>
    <patientRole>
      <id extension="2012567890" root="2.16.840.1.113883.4.1" />
      <!-- Example Social Security Number using the actual SSN OID. -->
      <addr use="HP">
        <!-- HP is "primary home" from codeSystem 2.16.840.1.113883.5.1119 -->
        <streetAddressLine>123 North East Street</streetAddressLine>
        <city>Indianapolis</city>
        <state>IN</state>
        <postalCode>46202</postalCode>
        <country>US</country>
        <!-- US is "United States" from ISO 3166-1 Country Codes: 1.0.3166.1 -->
      </addr>
      <telecom value="tel:+1(123)123-1234" use="HP" />
      <!-- HP is "primary home" from HL7 AddressUse 2.16.840.1.113883.5.1119 -->
      <patient>
        <!-- The first name element represents what the patient is known as -->
        <name use="L">
          <given>Lora</given>
        </name>
        <!-- The second name element represents another name associated with the patient -->
        <name use="SRCH">
          <given>Lora</given>
          <!-- The "BR" is "Birth" from HL7 Code System EntityNamePartQualifier 2.16.840.1.113883.5.43 -->
          <family qualifier="BR">Joseph</family>
        </name>
        <administrativeGenderCode code="F" displayName="Female" codeSystem="2.16.840.1.113883.5.1"
          codeSystemName="AdministrativeGender" />
        <!-- Date of birth need only be precise to the day -->
        <birthTime value="20060401" />
        <religiousAffiliationCode code="1013" displayName="Christian (non-Catholic, non-specific)"
          codeSystem="2.16.840.1.113883.5.1076" codeSystemName="HL7 Religious Affiliation" />
        <!-- CDC Race and Ethnicity code set contains the five minimum race and ethnicity 
					categories defined by OMB Standards -->
        <raceCode code="2106-3" displayName="White" codeSystem="2.16.840.1.113883.6.238"
          codeSystemName="Race &amp; Ethnicity - CDC" />
        <!-- The raceCode extension is only used if raceCode is valued -->
        <sdtc:raceCode code="2076-8" displayName="Native Hawaiian or Other Pacific Islander"
          codeSystem="2.16.840.1.113883.6.238" codeSystemName="Race &amp; Ethnicity - CDC" />
        <ethnicGroupCode code="2186-5" displayName="Not Hispanic or Latino" codeSystem="2.16.840.1.113883.6.238"
          codeSystemName="Race &amp; Ethnicity - CDC" />
        <guardian>
          <code code="POWATT" displayName="Power of Attorney" codeSystem="2.16.840.1.113883.1.11.19830"
            codeSystemName="ResponsibleParty" />
          <addr use="HP">
            <streetAddressLine>2222 Home Street</streetAddressLine>
            <city>Beaverton</city>
            <state>IN</state>
            <postalCode>46202</postalCode>
            <country>US</country>
          </addr>
          <telecom value="tel:+1(555)555-2008" use="MC" />
          <guardianPerson>
            <name>
              <given>Boris</given>
              <given qualifier="CL">Bo</given>
              <family>Betterhalf</family>
            </name>
          </guardianPerson>
        </guardian>
        <birthplace>
          <place>
            <addr>
              <streetAddressLine>4444 Home Street</streetAddressLine>
              <city>Beaverton</city>
              <state>OR</state>
              <postalCode>97867</postalCode>
              <country>US</country>
            </addr>
          </place>
        </birthplace>
        <languageCommunication>
          <languageCode code="en" />
          <!-- "en" is ISO 639-1 alpha-2 code for "English" -->
          <modeCode code="ESP" displayName="Expressed spoken" codeSystem="2.16.840.1.113883.5.60"
            codeSystemName="LanguageAbilityMode" />
          <proficiencyLevelCode code="G" displayName="Good" codeSystem="2.16.840.1.113883.5.61"
            codeSystemName="LanguageAbilityProficiency" />
          <!-- Patient's preferred language -->
          <preferenceInd value="true" />
        </languageCommunication>
      </patient>
      <providerOrganization>
        <id extension="219BX" root="2.16.840.1.113883.4.6" />
        <name>The DoctorsTogether Physician Group</name>
        <telecom use="WP" value="tel: +1(555)555-5000" />
        <addr>
          <streetAddressLine>1007 Health Drive</streetAddressLine>
          <city>Portland</city>
          <state>OR</state>
          <postalCode>99123</postalCode>
          <country>US</country>
        </addr>
      </providerOrganization>
    </patientRole>
  </recordTarget>
  <!-- The author represents the person who provides the content in the document -->
  <author>
    <time value="201308151030-0800" />
    <assignedAuthor>
      <id extension="5555555555" root="2.16.840.1.113883.4.6" />
      <code code="207QA0505X" displayName="Allopathic &amp; Osteopathic Physicians; Family Medicine, Adult Medicine" codeSystem="2.16.840.1.113883.6.101"
        codeSystemName="Healthcare Provider Taxonomy (HIPAA)" />
      <addr>
        <streetAddressLine>1004 Healthcare Drive </streetAddressLine>
        <city>Portland</city>
        <state>OR</state>
        <postalCode>99123</postalCode>
        <country>US</country>
      </addr>
      <telecom use="WP" value="tel:+1(555)555-1004" />
      <assignedPerson>
        <name>
          <given>Patricia</given>
          <given qualifier="CL">Patty</given>
          <family>Primary</family>
          <suffix qualifier="AC">M.D.</suffix>
        </name>
      </assignedPerson>
    </assignedAuthor>
  </author>
  <!-- The dataEnterer transferred the content created by the author into the document -->
  <dataEnterer>
    <assignedEntity>
      <id extension="333777777" root="2.16.840.1.113883.4.6" />
      <addr>
        <streetAddressLine>1007 Healthcare Drive</streetAddressLine>
        <city>Portland</city>
        <state>OR</state>
        <postalCode>99123</postalCode>
        <country>US</country>
      </addr>
      <telecom use="WP" value="tel:+1(555)555-1050" />
      <assignedPerson>
        <name>
          <given>Ellen</given>
          <family>Enter</family>
        </name>
      </assignedPerson>
    </assignedEntity>
  </dataEnterer>
  <!-- The informant represents any sources of information for document content -->
  <informant>
    <assignedEntity>
      <id extension="888888888" root="2.16.840.1.113883.4.6" />
      <addr>
        <streetAddressLine>1007 Healthcare Drive</streetAddressLine>
        <city>Portland</city>
        <state>OR</state>
        <postalCode>99123</postalCode>
        <country>US</country>
      </addr>
      <telecom use="WP" value="tel:+1(555)555-1003" />
      <assignedPerson>
        <name>
          <given>Harold</given>
          <family>Hippocrates</family>
          <suffix qualifier="AC">M.D.</suffix>
        </name>
      </assignedPerson>
      <representedOrganization>
        <name>The DoctorsApart Physician Group</name>
      </representedOrganization>
    </assignedEntity>
  </informant>
  <informant>
    <assignedEntity>
      <id extension="222223333" root="2.16.840.1.113883.4.6" />
      <addr>
        <streetAddressLine>1025 Health Drive</streetAddressLine>
        <city>Portland</city>
        <state>OR</state>
        <postalCode>99123</postalCode>
        <country>US</country>
      </addr>
      <telecom use="WP" value="tel:+1(555)555-1025" />
      <assignedPerson>
        <name>
          <given>Ramsey</given>
          <family>Reaction</family>
          <suffix qualifier="AC">M.D.</suffix>
        </name>
      </assignedPerson>
      <representedOrganization>
        <name>The DoctorsApart Physician Group</name>
      </representedOrganization>
    </assignedEntity>
  </informant>
  <informant>
    <assignedEntity>
      <id extension="333444444" root="2.16.840.1.113883.4.6" />
      <addr>
        <streetAddressLine>1017 Health Drive</streetAddressLine>
        <city>Portland</city>
        <state>OR</state>
        <postalCode>99123</postalCode>
        <country>US</country>
      </addr>
      <telecom use="WP" value="tel:+1(555)555-1017" />
      <assignedPerson>
        <name>
          <given>William</given>
          <given qualifier="CL">Bill</given>
          <family>Beaker</family>
        </name>
      </assignedPerson>
      <representedOrganization>
        <name>Good Health Laboratory</name>
      </representedOrganization>
    </assignedEntity>
  </informant>
  <informant>
    <assignedEntity>
      <id extension="333222222" root="2.16.840.1.113883.4.6" />
      <addr>
        <streetAddressLine>1016 Health Drive</streetAddressLine>
        <city>Portland</city>
        <state>OR</state>
        <postalCode>99123</postalCode>
        <country>US</country>
      </addr>
      <telecom use="WP" value="tel:+1(555)555-1016" />
      <assignedPerson>
        <name>
          <given>Susan</given>
          <family>Script</family>
          <suffix qualifier="AC">Pharm.D.</suffix>
        </name>
      </assignedPerson>
      <representedOrganization>
        <name>People's Pharmacy</name>
      </representedOrganization>
    </assignedEntity>
  </informant>
  <informant>
    <assignedEntity>
      <id extension="222334444" root="2.16.840.1.113883.4.6" />
      <addr>
        <streetAddressLine>1027 Health Drive</streetAddressLine>
        <city>Portland</city>
        <state>OR</state>
        <postalCode>99123</postalCode>
        <country>US</country>
      </addr>
      <telecom use="WP" value="tel:+1(555)555-1027" />
      <assignedPerson>
        <name>
          <given>Patrick</given>
          <family>Pump</family>
          <suffix qualifier="AC">M.D.</suffix>
        </name>
      </assignedPerson>
      <representedOrganization>
        <name>The DoctorsApart Physician Group</name>
      </representedOrganization>
    </assignedEntity>
  </informant>
  <informant>
    <relatedEntity classCode="PRS">
      <!-- classCode "PRS" represents a person with personal relationship with the patient -->
      <code code="SPS" displayName="SPOUSE" codeSystem="2.16.840.1.113883.1.11.19563"
        codeSystemName="Personal Relationship Role Type Value Set" />
      <relatedPerson>
        <name>
          <given>Boris</given>
          <given qualifier="CL">Bo</given>
          <family>Betterhalf</family>
        </name>
      </relatedPerson>
    </relatedEntity>
  </informant>
  <!-- The custodian represents the organization charged with maintaining the original source document -->
  <custodian>
    <assignedCustodian>
      <representedCustodianOrganization>
        <id extension="321CX" root="2.16.840.1.113883.4.6" />
        <name>Good Health HIE</name>
        <telecom use="WP" value="tel:+1(555)555-1009" />
        <addr use="WP">
          <streetAddressLine>1009 Healthcare Drive </streetAddressLine>
          <city>Portland</city>
          <state>OR</state>
          <postalCode>99123</postalCode>
          <country>US</country>
        </addr>
      </representedCustodianOrganization>
    </assignedCustodian>
  </custodian>
  <!-- The informationRecipient represents the intended recipient of the document -->
  <informationRecipient>
    <intendedRecipient>
      <informationRecipient>
        <name>
          <given>Sara</given>
          <family>Specialize</family>
          <suffix qualifier="AC">M.D.</suffix>
        </name>
      </informationRecipient>
      <receivedOrganization>
        <name>The DoctorsApart Physician Group</name>
      </receivedOrganization>
    </intendedRecipient>
  </informationRecipient>
  <!-- The legalAuthenticator represents the individual who is responsible for the document -->
  <legalAuthenticator>
    <time value="20130815223615-0800" />
    <signatureCode code="S" />
    <assignedEntity>
      <id extension="5555555555" root="2.16.840.1.113883.4.6" />
      <code code="207QA0505X" displayName="Allopathic &amp; Osteopathic Physicians; Family Medicine, Adult Medicine" codeSystem="2.16.840.1.113883.6.101"
        codeSystemName="Healthcare Provider Taxonomy (HIPAA)" />
      <addr>
        <streetAddressLine>1004 Healthcare Drive </streetAddressLine>
        <city>Portland</city>
        <state>OR</state>
        <postalCode>99123</postalCode>
        <country>US</country>
      </addr>
      <telecom use="WP" value="tel:+1(555)555-1004" />
      <assignedPerson>
        <name>
          <given>Patricia</given>
          <given qualifier="CL">Patty</given>
          <family>Primary</family>
          <suffix qualifier="AC">M.D.</suffix>
        </name>
      </assignedPerson>
    </assignedEntity>
  </legalAuthenticator>
  <!-- The authenticator represents the individual attesting to the accuracy of information in the document-->
  <authenticator>
    <time value="20130815221545-0800" />
    <signatureCode code="S" />
    <assignedEntity>
      <id extension="5555555555" root="2.16.840.1.113883.4.6" />
      <code code="207QA0505X" displayName="Allopathic &amp; Osteopathic Physicians; Family Medicine, Adult Medicine" codeSystem="2.16.840.1.113883.6.101"
        codeSystemName="Healthcare Provider Taxonomy (HIPAA)" />
      <addr>
        <streetAddressLine>1004 Healthcare Drive </streetAddressLine>
        <city>Portland</city>
        <state>OR</state>
        <postalCode>99123</postalCode>
        <country>US</country>
      </addr>
      <telecom use="WP" value="tel:+1(555)555-1004" />
      <assignedPerson>
        <name>
          <given>Patricia</given>
          <given qualifier="CL">Patty</given>
          <family>Primary</family>
          <suffix qualifier="AC">M.D.</suffix>
        </name>
      </assignedPerson>
    </assignedEntity>
  </authenticator>
  <!-- The participant represents supporting entities -->
  <participant typeCode="IND">
    <!-- typeCode "IND" represents an individual -->
    <associatedEntity classCode="NOK">
      <!-- classCode "NOK" represents the patient's next of kin-->
      <addr use="HP">
        <streetAddressLine>2222 Home Street</streetAddressLine>
        <city>Beaverton</city>
        <state>OR</state>
        <postalCode>97867</postalCode>
        <country>US</country>
      </addr>
      <telecom value="tel:+1(555)555-2008" use="MC" />
      <associatedPerson>
        <name>
          <given>Boris</given>
          <given qualifier="CL">Bo</given>
          <family>Betterhalf</family>
        </name>
      </associatedPerson>
    </associatedEntity>
  </participant>
  <!-- Entities playing multiple roles are recorded in multiple participants -->
  <participant typeCode="IND">
    <associatedEntity classCode="ECON">
      <!-- classCode "ECON" represents an emergency contact -->
      <addr use="HP">
        <streetAddressLine>2222 Home Street</streetAddressLine>
        <city>Beaverton</city>
        <state>OR</state>
        <postalCode>97867</postalCode>
        <country>US</country>
      </addr>
      <telecom value="tel:+1(555)555-2008" use="MC" />
      <associatedPerson>
        <name>
          <given>Boris</given>
          <given qualifier="CL">Bo</given>
          <family>Betterhalf</family>
        </name>
      </associatedPerson>
    </associatedEntity>
  </participant>
  <documentationOf>
    <serviceEvent classCode="PCPR">
      <!-- The effectiveTime reflects the provision of care summarized in the document. 
				In this scenario, the provision of care summarized is the lifetime for the patient -->
      <effectiveTime>
        <low value="19750501" />
        <!-- The low value represents when the summarized provision of care began. 
					In this scenario, the patient's date of birth -->
        <high value="20130815" />
        <!-- The high value represents when the summarized provision of care being ended. 
					In this scenario, when chart summary was created -->
      </effectiveTime>
      <performer typeCode="PRF">
        <functionCode code="PCP" codeSystem="2.16.840.1.113883.5.88" codeSystemName="ParticipationFunction"
          displayName="primary care physician">
          <originalText>Primary Care Provider</originalText>
        </functionCode>
        <assignedEntity>
          <id extension="5555555555" root="2.16.840.1.113883.4.6" />
          <code code="207QA0505X" displayName="Allopathic &amp; Osteopathic Physicians; Family Medicine, Adult Medicine" codeSystem="2.16.840.1.113883.6.101"
            codeSystemName="Healthcare Provider Taxonomy (HIPAA)" />
         <addr>
          <streetAddressLine>IUPUI Campus Health Center</streetAddressLine>
          <city>Indianapolis</city>
          <state>IN</state>
          <postalCode>46202</postalCode>
          <country>US</country>
         </addr>
          <telecom use="WP" value="tel:+1(555)555-1004" />
          <assignedPerson>
            <name>
              <given>Jolly Joseph</given>
              <given qualifier="CL">Patty</given>
              <family>Primary</family>
              <suffix qualifier="AC">M.D.</suffix>
            </name>
          </assignedPerson>
          <representedOrganization>
            <id extension="219BX" root="1.2.16.840.1.113883.4.6" />
            <name>General Physician</name>
            <telecom use="WP" value="tel: +1(555)555-5000" />
            <addr>
              <streetAddressLine>IUPUI Campus Health Center</streetAddressLine>
              <city>Indianapolis</city>
              <state>IN</state>
              <postalCode>46202</postalCode>
              <country>US</country>
            </addr>
          </representedOrganization>
        </assignedEntity>
      </performer>
    </serviceEvent>
  </documentationOf>
  <!-- ******************************************************** CDA Body ******************************************************** -->
  <component>
    <structuredBody>
      <!-- ************************ ENCOUNTERS *********************** -->
      <component>
        <section>
          <!-- *** Encounters section (entries required) (V2) *** -->
          <templateId root="2.16.840.1.113883.10.20.22.2.22.1" extension="2014-06-09" />
          <code code="46240-8" codeSystem="2.16.840.1.113883.6.1" codeSystemName="LOINC"
            displayName="History of encounters" />
          <title>ENCOUNTERS</title>
          <text>
            <table border="1" width="100%">
              <thead>
                <tr>
                  <th>Diagnosis</th>
                  <th>Performer</th>
                  <th>Location</th>
                  <th>Date</th>
                  <th>Time</th>
                </tr>
              </thead>
              <tbody>
                <tr>
                  <td>Anemia</td>
                  <td>Dr. John</td>
                  <td>IUPUI Campus Health Center</td>
                  <td>04/01/2023</td>
                  <td>1pm</td>
                </tr>
              </tbody>
            </table>
          </text>
          <entry typeCode="DRIV">
            <encounter classCode="ENC" moodCode="EVN">
              <!-- ** Encounter activity ** -->
              <templateId root="2.16.840.1.113883.10.20.22.4.49" extension="2014-06-09" />
              <id root="2a620155-9d11-439e-92b3-5d9815ff4de8" />
              <code code="99213" displayName="Office or other outpatient visit for the evaluation and management of an established patient, which requires a medically appropriate history and/or examination and low level of medical decision making. When using time for code selection, 20-29 minutes of total time is spent on the date of the encounter." codeSystemName="CPT-4"
                codeSystem="2.16.840.1.113883.6.12">
                <originalText>
                  <reference value="#Encounter1" />
                </originalText>
                <translation code="AMB" codeSystem="2.16.840.1.113883.5.4" displayName="Ambulatory"
                  codeSystemName="HL7 ActEncounterCode" />
              </code>
              <effectiveTime value="201209271300-0500" />
              <performer>
                <assignedEntity>
                  <!-- Provider NPI "333444555" -->
                  <id extension="333444555" root="2.16.840.1.113883.4.6" />
                  <code code="59058001" codeSystem="2.16.840.1.113883.6.96" codeSystemName="SNOMED CT"
                    displayName="General physician" />
                </assignedEntity>
              </performer>
              <participant typeCode="LOC">
                <participantRole classCode="SDLOC">
                  <templateId root="2.16.840.1.113883.10.20.22.4.32" />
                  <!-- Service Delivery Location template -->
                  <code code="1160-1" codeSystem="2.16.840.1.113883.6.259"
                    codeSystemName="HL7 HealthcareServiceLocation" displayName="Urgent Care Center" />
                  <addr>
                    <streetAddressLine> 420 University Blvd</streetAddressLine>
                    <city>Indiaapolis</city>
                    <state>IN</state>
                    <postalCode>46202</postalCode>
                    <country>US</country>
                  </addr>
                  <telecom use="WP" value="tel: +1(555)555-1030" />
                  <playingEntity classCode="PLC">
                    <name>Good Health Urgent Care</name>
                  </playingEntity>
                </participantRole>
              </participant>
              <entryRelationship typeCode="RSON">
                <observation classCode="OBS" moodCode="EVN">
                  <templateId root="2.16.840.1.113883.10.20.22.4.19" extension="2014-06-09" />
                  <id root="db734647-fc99-424c-a864-7e3cda82e703" extension="45665" />
                  <code code="75321-0" codeSystem="2.16.840.1.113883.6.1" codeSystemName="LOINC"
                    displayName="Clinical finding" />
                  <statusCode code="completed" />
                  <effectiveTime>
                    <low value="201209251130-0500" />
                  </effectiveTime>
                  <value xsi:type="CD" code="233604007" displayName="Pneumonia" codeSystem="2.16.840.1.113883.6.96" />
                </observation>
              </entryRelationship>
            </encounter>
          </entry>
        </section>
      </component>    
      <!-- ***************** PHYSICAL EXAMINATION *********************** -->
      <component>
        <section>
          <templateId root="2.16.840.1.113883.10.20.2.10" extension="2014-06-09"/>
          <code codeSystem="2.16.840.1.113883.6.1" codeSystemName="LOINC" code="29545-1" displayName="PHYSICAL FINDINGS"/>
          <title>PHYSICAL EXAMINATION</title>
          <text>
            <list listType="ordered">
              <item>Heart: Tachycardia</item>
              <item>Pale gums and nail beds</item>
              <item>Tongue: Swollen</item>
            </list>
          </text>
        </section>
      </component>
    
      <!-- ******************* PLAN OF TREATMENT ********************** -->
    <component>
        <section>
            <templateId root="2.16.840.1.113883.10.20.22.2.10" extension="2014-06-09" />
            <!--  **** Plan of Treatment Section (V2) **** -->
            <code code="18776-5" codeSystem="2.16.840.1.113883.6.1" codeSystemName="LOINC" displayName="Plan of care note" />
            <title>TREATMENT PLAN</title>
            <text>
                <content styleCode="Bold"> Hand-off Communication:</content>
                <content>Nurse Florence, RN to MD to Nancy Nightingale, RN</content>
                <br />
                <br/>
                <content styleCode="Bold">Physician's Assessment:</content>
                <content>Given her history and the findings on her physical examination, the physician suspected that the patient was anemic and ordered a sample of her blood for examination.</content>
                <br/>
                
                <br />
                <table border="1" width="100%">
                    <thead>
                        <tr>
                            <th>Planned Care</th>
                            <th>Start Date</th>
                            <th>Patient Provider Rating</th>
                            <th>Provider Provider Rating</th>
                            <th>Provider</th>
                            <th>Patient Support/Caregiver</th>
                        </tr>
                    </thead>
                    <tbody>
                        <tr>
                            <td>Procedure: Hemoglobin [Mass/volume] in Blood </td>
                            <td>04/15/2023</td>
                            <td>1st, Medium</td>
                            <td>3rd, Medium</td>
                          <td>Nurse Florence</td>
                            <td>Caregiver: Mother</td>
                        </tr>
                        <tr>
                            
                        </tr>
                    </tbody>
                </table>
            </text>
            <entry>
                <procedure moodCode="RQO" classCode="PROC">
                    <templateId root="2.16.840.1.113883.10.20.22.4.41" extension="2014-06-09" />
                    
                    
                    <!-- Planned Procedure for CBC Test -->
                    <id root="9a6d1bac-17d3-4195-89c4-1121bc809b5a" />
                    <code code="5804-0" codeSystem="2.16.840.1.113883.6.1" codeSystemName="LOINC"
                        displayName="Hemoglobin [Mass/volume] in Blood" />
                    <statusCode code="active" />
                    <effectiveTime value="20230415" />
                    
                    
                    <!--
								Author Participation Template
								In this case, the author is the same as a participant already
								described in the header.
								However, the author could be a different provider - someone else in the 
								header, or a new provider not elsewhere specified.
							-->
                    <author typeCode="AUT">
                        <templateId root="2.16.840.1.113883.10.20.22.4.119" />
                        <time value="201306131145-0800" />
                        <assignedAuthor>
                            <!-- This id points back to a participant in the header -->
                            <id extension="555555555" root="2.16.840.1.113883.4.6" />
                            <code code="207QA0505X" displayName="Allopathic &amp; Osteopathic Physicians; Family Medicine, Adult Medicine" codeSystem="2.16.840.1.113883.6.101"
                                codeSystemName="Healthcare Provider Taxonomy (HIPAA)" />
                        </assignedAuthor>
                    </author>
                    <entryRelationship typeCode="COMP">
                        <!-- Planned Coverage -->
                        <act classCode="ACT" moodCode="INT">
                            <templateId root="2.16.840.1.113883.10.20.22.4.129" />
                            <id root="03f5e10b-7e79-4610-9626-d2984ff10cc1" />
                            <code code="48768-6" codeSystem="2.16.840.1.113883.6.1" codeSystemName="LOINC"
                                displayName="Payment Sources" />
                            <statusCode code="active" />
                            <entryRelationship typeCode="COMP">
                                <act classCode="ACT" moodCode="INT">
                                    <!-- These act/identifiers are unique identifiers 
												for the policy or program providing the coverage. -->
                                    <id root="4c9a3be1-5f09-46dd-88e7-14c8ec612e4c" />
                                    <code code="111" displayName="Medicare HMO" codeSystemName="Source of Payment Typology (PHDSC)"
                                        codeSystem="2.16.840.1.113883.3.221.5" />
                                    <statusCode code="active" />
                                </act>
                            </entryRelationship>
                        </act>
                    </entryRelationship>
                    <entryRelationship typeCode="REFR">
                        <observation classCode="OBS" moodCode="EVN">
                            <!-- Patient Priority Preference-->
                            <templateId root="2.16.840.1.113883.10.20.22.4.143" />
                            <id root="9a6d1bac-17d3-4195-89a4-1121bc809b4d" />
                            <code code="225773000" codeSystemName="SNOMED CT" codeSystem="2.16.840.1.113883.6.96"> </code>
                            <effectiveTime value="20130615" />
                            <priorityCode code="255216001" codeSystem="2.16.840.1.113883.6.96" codeSystemName="SNOMED CT"
                                displayName="First" />
                            <value xsi:type="CD" code="394848005" codeSystem="2.16.840.1.113883.6.96" displayName="Normal priority" />
                            <author typeCode="AUT">
                                <templateId root="2.16.840.1.113883.10.20.22.4.119" />
                                <time value="201306151145-0800" />
                                <assignedAuthor>
                                    <id extension="555555555" root="2.16.840.1.113883.4.6" />
                                    <code code="207QA0505X" displayName="Allopathic &amp; Osteopathic Physicians; Family Medicine, Adult Medicine" codeSystem="2.16.840.1.113883.6.101"
                                        codeSystemName="Healthcare Provider Taxonomy (HIPAA)" />
                                </assignedAuthor>
                            </author>
                        </observation>
                    </entryRelationship>
                    <entryRelationship typeCode="REFR">
                        <observation classCode="OBS" moodCode="EVN">
                            <!--  Priority Preference-->
                            <templateId root="2.16.840.1.113883.10.20.22.4.143" />
                            <id root="9a6d1bac-17d3-4195-89a4-1121bc809b4d" />
                            <code code="225773000" codeSystem="2.16.840.1.113883.6.96" codeSystemName="SNOMED CT"
                                displayName="preference" />
                            <effectiveTime value="20130615" />
                            <value xsi:type="CD" code="394848005" codeSystem="2.16.840.1.113883.6.96"
                                displayName="Normal priority" />
                            <author typeCode="AUT">
                                <templateId root="2.16.840.1.113883.10.20.22.4.119" />
                                <time value="201306151145-0800" />
                                <assignedAuthor>
                                    <id extension="555555555" root="2.16.840.1.113883.4.6" />
                                    <code code="207QA0505X" displayName="Allopathic &amp; Osteopathic Physicians; Family Medicine, Adult Medicine" codeSystem="2.16.840.1.113883.6.101"
                                        codeSystemName="Healthcare Provider Taxonomy (HIPAA)" />
                                </assignedAuthor>
                            </author>
                        </observation>
                    </entryRelationship>
                </procedure>
            </entry>
        </section>
    </component>  
    
    
    <!-- ***************** PROBLEM LIST *********************** -->
    <component>
        <section>
            <!--  *** Problem Section (entries required) (V2) *** -->
            <templateId root="2.16.840.1.113883.10.20.22.2.5.1" extension="2014-06-09" />
            <code code="11450-4" codeSystem="2.16.840.1.113883.6.1" codeSystemName="LOINC" displayName="PROBLEM LIST" />
            <title>PROBLEMS</title>
          <text>
            <paragraph>Active Concerns</paragraph>
            <list>
              <item> Problem #1 <list>
                <item>Generalized weakness, Inability to do routine work, Lethargy</item>
              </list>
              </item>
              <item> Problem #2 <list>
                <item>Excessive bleeding during mesnruation</item>
              </list>
              </item>
              <item> Problem #3 <list>
                <item>Breathlessness, Palpitations while climbing stairs, Lightheadedness, Cramping in legs</item>
              </list>
              </item>
              <item> Problem #4 <list>
                <item>Desire to crunch on ice</item>
              </list>
              </item>
              <item> Problem #5 <list>
                <item>Decreased appetite</item>
              </list>
              </item>
            </list>
          </text>
            <entry typeCode="DRIV">
                <act classCode="ACT" moodCode="EVN">
                    <!-- ** Problem Concern Act (V2) ** -->
                    <templateId root="2.16.840.1.113883.10.20.22.4.3" extension="2014-06-09" />
                    <id root="NEW-UNIQUE-ID" />
                    <code code="CONC" codeSystem="2.16.840.1.113883.5.6" displayName="Concern" />
                    <statusCode code="active" />
                    <effectiveTime>
                        <low value="20230401" />
                    </effectiveTime>
                    <author typeCode="AUT">
                        <templateId root="2.16.840.1.113883.10.20.22.4.119" />
                        <time value="20230415" />
                        <assignedAuthor>
                            <id extension="PROVIDER-ID" root="2.16.840.1.113883.4.6" />
                            <code code="PROVIDER-CODE" displayName="PROVIDER-SPECIALTY" codeSystem="2.16.840.1.113883.6.101" codeSystemName="Healthcare Provider Taxonomy (HIPAA)" />
                        </assignedAuthor>
                    </author>
                    <entryRelationship typeCode="SUBJ">
                        <observation classCode="OBS" moodCode="EVN">
                            <!-- ** Problem observation ** -->
                            <templateId root="2.16.840.1.113883.10.20.22.4.4" extension="2014-06-09" />
                            <id root="NEW-UNIQUE-ID-FOR-OBSERVATION" />
                            <code code="75323-6" codeSystem="2.16.840.1.113883.6.1" codeSystemName="LOINC" displayName="Condition" />
                            <statusCode code="completed" />
                            <effectiveTime>
                                <low value="20230401" />
                            </effectiveTime>
                            <value xsi:type="CD" code="271737000" codeSystem="2.16.840.1.113883.6.96" displayName="Anemia" />
                            <author typeCode="AUT">
                                <templateId root="2.16.840.1.113883.10.20.22.4.119" />
                                <time value="20230420" />
                                <assignedAuthor>
                                    <id extension="PROVIDER-ID" root="2.16.840.1.113883.4.6" />
                                    <code code="PROVIDER-CODE" displayName="PROVIDER-SPECIALTY" codeSystem="2.16.840.1.113883.6.101" codeSystemName="Healthcare Provider Taxonomy (HIPAA)" />
                                </assignedAuthor>
                            </author>
                        </observation>
                    </entryRelationship>
                </act>
            </entry>
        </section>
    </component>
      
      <!-- ***************** EHR *********************** -->
      <component>
        <section>
          <templateId root="1.3.6.1.4.1.19376.1.5.3.1.3.4"/>
          <code codeSystem="2.16.840.1.113883.6.1" codeSystemName="LOINC" code="10164-2" displayName="EHR"/>
          <title>EHR</title>
          <text>
            <paragraph>Laboratory orders generated</paragraph>
            <paragraph>Laboratory orders added to labs info systems</paragraph>
            <paragraph>Laboratory test results updated</paragraph>
          </text>
        </section>
      </component>     
      <!-- ************** VITAL SIGNS ***************** -->
      <component>
        <section>
          <templateId root="2.16.840.1.113883.10.20.22.2.4.1"/>
          <templateId root="2.16.840.1.113883.10.20.22.2.4.1" extension="2015-08-01"/>
          <code code="8716-3" codeSystem="2.16.840.1.113883.6.1" codeSystemName="LOINC"
            displayName="Vital Signs"/>
          <title> Vital Signs </title>
          <text>
            <table>
              <thead>
                <tr>
                  <th>Date</th>
                  <th>Blood Pressure</th>
                  <th>Heart Rate</th>
                  <th>Temperature</th>
                  <th>Respiratory Rate</th>
                  <th>Height</th>
                  <th>Weight</th>
                  <th>BMI</th>
                  <th>SpO2</th>
                </tr>
              </thead>
              <tbody>
                <tr>
                  <td>04/01/2023</td>
                  <td> 120/80 mmHg </td>
                  <td> 115 b/min </td>
                  <td> 37.2 C </td>
                  <td> 13 c/min </td>
                  <td> 153.5 cm</td>
                  <td> 64.5 kg </td>
                  <td> 27.4 kg/m2 </td>
                  <td> 90% </td>
                </tr>
              </tbody>
            </table>
          </text>
          <entry typeCode="DRIV">
            <!-- When a set of Vital Signs are recorded together, include them in single clustered organizer-->
            <organizer classCode="CLUSTER" moodCode="EVN">
              <templateId root="2.16.840.1.113883.10.20.22.4.26"/>
              <templateId root="2.16.840.1.113883.10.20.22.4.26" extension="2015-08-01"/>
              <id root="e6c800c4-4a71-41bf-80e2-e741dd1168e9"/>
              <code code="46680005" displayName="Vital Signs" codeSystem="2.16.840.1.113883.6.96"
                codeSystemName="SNOMED CT">
                <translation code="74728-7"
                  displayName="Vital signs"
                  codeSystem="2.16.840.1.113883.6.1" codeSystemName="LOINC"/>
              </code>
              <statusCode code="completed"/>
              <effectiveTime value="20140520193605-0500"/>
              <!-- Each vital sign should be its own component. Note that systolic and diastolic BP must be separate components-->
              <component>
                <observation classCode="OBS" moodCode="EVN">
                  <templateId root="2.16.840.1.113883.10.20.22.4.27"/>
                  <templateId root="2.16.840.1.113883.10.20.22.4.27" extension="2014-06-09"/>
                  <id root="fdbd831b-5919-4f06-9467-76b07022f8e8"/>
                  <code code="8480-6" codeSystem="2.16.840.1.113883.6.1" codeSystemName="LOINC"
                    displayName="Blood pressure"/>
                  <text>
                    <!-- This reference identifies content in human readable formatted text-->
                    <reference value="#BP_1"/>
                  </text>
                  <statusCode code="completed"/>
                  <effectiveTime value="20140520193605-0500"/>
                  <value value="120/80" unit="mmHg"/>
                  <!-- Additional information of interpretation and/or reference range may be included but are optional-->
                </observation>
              </component>
              <component>
                <observation classCode="OBS" moodCode="EVN">
                  <templateId root="2.16.840.1.113883.10.20.22.4.27"/>
                  <templateId root="2.16.840.1.113883.10.20.22.4.27" extension="2014-06-09"/>
                  <id root="77bfe276-a1dd-4372-9072-e603905acc07"/>
                  <code code="8867-4" codeSystem="2.16.840.1.113883.6.1" codeSystemName="LOINC"
                    displayName="Heart rate"/>
                  <text>
                    <reference value="#Heartrate_1"/>
                  </text>
                  <statusCode code="completed"/>
                  <effectiveTime value="20140520193605-0500"/>
                  <value value="115" unit="b/min"/>
                </observation>
              </component>
              <component>
                <observation classCode="OBS" moodCode="EVN">
                  <templateId root="2.16.840.1.113883.10.20.22.4.27"/>
                  <templateId root="2.16.840.1.113883.10.20.22.4.27" extension="2014-06-09"/>
                  <id root="24faa204-db62-4610-864f-cb50b650d0fa"/>
                  <code code="8310-5" codeSystem="2.16.840.1.113883.6.1" codeSystemName="LOINC"
                    displayName="Body temperature"/>
                  <text>
                    <reference value="#Temp_1"/>
                  </text>
                  <statusCode code="completed"/>
                  <effectiveTime value="20140520193605-0500"/>
                  <value value="37.2" unit="Cel"/>
                </observation>
              </component>
              <component>
                <observation classCode="OBS" moodCode="EVN">
                  <templateId root="2.16.840.1.113883.10.20.22.4.27"/>
                  <templateId root="2.16.840.1.113883.10.20.22.4.27" extension="2014-06-09"/>
                  <id root="79f25395-8ec6-488b-8c05-becc97f79995"/>
                  <code code="9279-1" codeSystem="2.16.840.1.113883.6.1" codeSystemName="LOINC"
                    displayName="Respiratory rate"/>
                  <text>
                    <reference value="#RespRate_1"/>
                  </text>
                  <statusCode code="completed"/>
                  <effectiveTime value="20140520193605-0500"/>
                  <value value="13" unit="c/min"/>
                </observation>
              </component>
              <component>
                <observation classCode="OBS" moodCode="EVN">
                  <templateId root="2.16.840.1.113883.10.20.22.4.27"/>
                  <templateId root="2.16.840.1.113883.10.20.22.4.27" extension="2014-06-09"/>
                  <id root="6d3fa9f8-6049-41bd-b0c3-b0196bb6bd37"/>
                  <code code="8302-2" codeSystem="2.16.840.1.113883.6.1" codeSystemName="LOINC"
                    displayName="Body height"/>
                  <text>
                    <reference value="#Height_1"/>
                  </text>
                  <statusCode code="completed"/>
                  <effectiveTime value="20140520193605-0500"/>
                  <value value="153.5" unit="cm"/>
                </observation>
              </component>
              <component>
                <observation classCode="OBS" moodCode="EVN">
                  <templateId root="2.16.840.1.113883.10.20.22.4.27"/>
                  <templateId root="2.16.840.1.113883.10.20.22.4.27" extension="2014-06-09"/>
                  <id root="2594e631-2189-4e72-9dd1-d6769ee2a7be"/>
                  <code code="29463-7" codeSystem="2.16.840.1.113883.6.1" codeSystemName="LOINC"
                    displayName="Body weight"/>
                  <text>
                    <reference value="#Weight_1"/>
                  </text>
                  <statusCode code="completed"/>
                  <effectiveTime value="20140520193605-0500"/>
                  <value value="64.5" unit="kg"/>
                </observation>
              </component>
              <component>
                <observation classCode="OBS" moodCode="EVN">
                  <templateId root="2.16.840.1.113883.10.20.22.4.27"/>
                  <templateId root="2.16.840.1.113883.10.20.22.4.27" extension="2014-06-09"/>
                  <id root="5858e765-2ffe-413f-9197-260f2c6e7aa8"/>
                  <code code="39156-5" codeSystem="2.16.840.1.113883.6.1" codeSystemName="LOINC"
                    displayName="Body mass index (BMI) [Ratio]"/>
                  <text>
                    <reference value="#BMI_1"/>
                  </text>
                  <statusCode code="completed"/>
                  <effectiveTime value="20140520193605-0500"/>
                  <value value="27.4" unit="kg/m2"/>
                </observation>
              </component>
              <component>
                <observation classCode="OBS" moodCode="EVN">
                  <templateId root="2.16.840.1.113883.10.20.22.4.27"/>
                  <templateId root="2.16.840.1.113883.10.20.22.4.27" extension="2014-06-09"/>
                  <id root="4ce6046c-f6e3-41b0-91fc-2d5325f2bbc3"/>
                  <code code="2710-2" codeSystem="2.16.840.1.113883.6.1" codeSystemName="LOINC"
                    displayName="OXYGEN SATURATION"/>
                  <text>
                    <reference value="#SPO2_1"/>
                  </text>
                  <statusCode code="completed"/>
                  <effectiveTime value="20140520193605-0500"/>
                  <value value="90" unit="%"/>
                </observation>
              </component>
            </organizer>
          </entry>
        </section>
      </component>
  
    <!-- ************** PROCEDURES ***************** -->
    <component>
        <section>
            <!-- Procedures Section (entries required) (V2) -->
            <templateId root="2.16.840.1.113883.10.20.22.2.7.1" extension="2014-06-09" />
            <code code="47519-4" codeSystem="2.16.840.1.113883.6.1" codeSystemName="LOINC" displayName="HISTORY OF PROCEDURES" />
            <title>PROCEDURES</title>
            <text>
                <table border="1" width="100%">
                    <thead>
                        <tr>
                            <th>Procedure</th>
                            <th>Provider</th>
                            <th>Date</th>
                            <th>Time</th>
                        </tr>
                    </thead>
                    <tbody>
                        <tr>
                            <td>Blood Test for Anemia (CBC)</td>
                            <td>Nurse Florence</td>
                            <td>04/15/2023</td>
                            <td>2:30pm</td>
                        </tr>
                    </tbody>
                </table>
            </text>
            <entry typeCode="DRIV">
                <procedure classCode="PROC" moodCode="EVN">
                    <!-- ** Procedure activity procedure ** -->
                    <templateId root="2.16.840.1.113883.10.20.22.4.14" extension="2014-06-09" />
                    <id root="d68b7e32-7810-4f5b-9cc2-acd54b0fd85d" />
                    <code code="LP173033-7" codeSystem="2.16.840.1.113883.6.1" codeSystemName="LOINC" displayName="Complete Blood Count (CBC)">
                        <originalText>
                            <reference value="#Proc1" />
                        </originalText>
                    </code>
                    <statusCode code="active" />
                    <effectiveTime value="20230401" />           
                </procedure>
            </entry>
            
        </section>
    </component>
    
    
    <!-- ******************** LAB ORDER ************************ -->
    <component>
        <section>
            <templateId root="2.16.840.1.113883.10.20.22.2.7"/>
            <code code="18748-0" codeSystem="2.16.840.1.113883.6.1" codeSystemName="LOINC" displayName="Orders"/>
            <title>Lab Order</title>
            <text>
                <table border="1" cellpadding="2" cellspacing="2">
                    <thead>
                        <tr>
                            <th>Order ID</th>
                            <th>Order Name</th>
                            <th>Order Status</th>
                            <th>Order Date</th>
                            <th>Order Result</th>
                        </tr>
                    </thead>
                    <tbody>
                        <tr>
                            <td>123456781</td>
                            <td>Iron Profile</td>
                            <td>Completed</td>
                            <td>04/15/2023</td>
                            <td>Pending</td>
                        </tr>
                    </tbody>
                    <tbody>
                        <tr>
                            <td>123456782</td>
                            <td>Hemoblobin Profile</td>
                            <td>Completed</td>
                            <td>04/15/2023</td>
                            <td>Pending</td>
                        </tr>
                    </tbody>
                    <tbody>
                        <tr>
                            <td>123456783</td>
                            <td>Hematocrit </td>
                            <td>Completed</td>
                            <td>04/15/2023</td>
                            <td>Pending</td>
                        </tr>
                    </tbody>
                    <tbody>
                        <tr>
                            <td>123456784</td>
                            <td>RBC Count</td>
                            <td>Completed</td>
                            <td>04/15/2023</td>
                            <td>Pending</td>
                        </tr>
                    </tbody>
                </table>
            </text>
        </section>
    </component>
    </structuredBody>
  </component>
</ClinicalDocument>